{"linear_regression": {"name": "Linear Regression", "mse": 26.234791147900847, "r2": 0.5994680763459697}, "ridge_regression": {"name": "Ridge Regression", "mse": 26.242024236498402, "r2": 0.5993576473025819}, "lasso_regression": {"name": "Lasso Regression", "mse": 26.455872108104927, "r2": 0.596092788097071}, "random_forest_regressor": {"name": "Random Forest Regressor", "mse": 29.44387151018536, "r2": 0.5504743899308584}, "xgboost_regressor": {"name": "XGBoost Regressor", "mse": 34.31923164861392, "r2": 0.4760412692804119}, "decision_tree_regressor": {"name": "Decision Tree Regressor", "mse": 51.51952234953504, "r2": 0.2134409122579508}}